Wk,Date,Time,Day,Winner,Pts,,Loser,Pts,Notes
1,"Aug 23, 2025",7:30 PM,Sat,Hawaii,23,,Stanford,20,
1,"Aug 23, 2025",12:00 PM,Sat,Iowa State,24,N,Kansas State,21,
1,"Aug 23, 2025",6:30 PM,Sat,Kansas,31,,Fresno State,7,
1,"Aug 23, 2025",4:00 PM,Sat,Nevada-Las Vegas,38,,Idaho State,31,
1,"Aug 23, 2025",7:00 PM,Sat,Western Kentucky,41,,Sam Houston,24,
2,"Aug 28, 2025",8:30 PM,Thu,Alabama-Birmingham,52,,Alabama State,42,
2,"Aug 28, 2025",6:00 PM,Thu,Bowling Green,26,,Lafayette,7,
2,"Aug 28, 2025",7:00 PM,Thu,Central Florida,17,,Jacksonville State,10,
2,"Aug 28, 2025",7:00 PM,Thu,Delaware,35,,Delaware State,17,
2,"Aug 28, 2025",7:30 PM,Thu,Duke,45,,Elon,17,
2,"Aug 28, 2025",8:00 PM,Thu,Houston,27,,Stephen F. Austin,0,
2,"Aug 28, 2025",7:00 PM,Thu,Louisiana-Monroe,29,,St. Francis (PA),0,
2,"Aug 28, 2025",8:00 PM,Thu,Minnesota,23,,Buffalo,10,
2,"Aug 28, 2025",7:30 PM,Thu,Missouri,61,,Central Arkansas,6,
2,"Aug 28, 2025",9:00 PM,Thu,Nebraska,20,N,Cincinnati,17,
2,"Aug 28, 2025",7:00 PM,Thu,North Carolina State,24,,East Carolina,17,
2,"Aug 28, 2025",7:30 PM,Thu,Oklahoma State,27,,Tennessee-Martin,7,
2,"Aug 28, 2025",6:00 PM,Thu,Rutgers,34,,Ohio,31,
2,"Aug 28, 2025",10:00 PM,Thu,San Diego State,42,,Stony Brook,0,
2,"Aug 28, 2025",5:30 PM,Thu,South Florida,34,,Boise State,7,
2,"Aug 28, 2025",9:00 PM,Thu,Wisconsin,17,,Miami (OH),0,
2,"Aug 28, 2025",7:00 PM,Thu,Wyoming,10,@,Akron,0,
2,"Aug 29, 2025",7:00 PM,Fri,Appalachian State,34,@,Charlotte,11,
2,"Aug 29, 2025",8:00 PM,Fri,Auburn,38,@,Baylor,24,
2,"Aug 29, 2025",10:30 PM,Fri,Central Michigan,16,@,San Jose State,14,
2,"Aug 29, 2025",7:00 PM,Fri,Florida International,42,,Bethune-Cookman,9,
2,"Aug 29, 2025",8:00 PM,Fri,Georgia Tech,27,@,Colorado,20,
2,"Aug 29, 2025",7:30 PM,Fri,Illinois,52,,Western Illinois,3,
2,"Aug 29, 2025",7:30 PM,Fri,Kansas,46,,Wagner,7,
2,"Aug 29, 2025",7:00 PM,Fri,Michigan State,23,,Western Michigan,6,
2,"Aug 29, 2025",9:30 PM,Fri,Nevada-Las Vegas,38,@,Sam Houston,21,
2,"Aug 29, 2025",6:00 PM,Fri,Tarleton State,30,@,Army,27,
2,"Aug 29, 2025",7:00 PM,Fri,Wake Forest,10,,Kennesaw State,9,
2,"Aug 30, 2025",3:30 PM,Sat,Air Force,49,,Bucknell,13,
2,"Aug 30, 2025",10:30 PM,Sat,Arizona,40,,Hawaii,6,
2,"Aug 30, 2025",10:00 PM,Sat,Arizona State,38,,Northern Arizona,19,
2,"Aug 30, 2025",4:15 PM,Sat,Arkansas,52,,Alabama A&M,7,
2,"Aug 30, 2025",7:00 PM,Sat,Arkansas State,42,,Southeast Missouri State,24,
2,"Aug 30, 2025",7:00 PM,Sat,Austin Peay,34,@,Middle Tennessee State,14,
2,"Aug 30, 2025",2:00 PM,Sat,Boston College,66,,Fordham,10,
2,"Aug 30, 2025",9:00 PM,Sat,Brigham Young,69,,Portland State,0,
2,"Aug 30, 2025",10:30 PM,Sat,California,34,@,Oregon State,15,
2,"Aug 30, 2025",12:00 PM,Sat,Connecticut,59,,Central Connecticut State,13,
2,"Aug 30, 2025",7:00 PM,Sat,Florida,55,,Long Island,0,
2,"Aug 30, 2025",3:30 PM,Sat,Florida State,31,,Alabama,17,
2,"Aug 30, 2025",9:30 PM,Sat,Fresno State,42,,Georgia Southern,14,
2,"Aug 30, 2025",3:30 PM,Sat,Georgia,45,,Marshall,7,
2,"Aug 30, 2025",2:30 PM,Sat,Indiana,27,,Old Dominion,14,
2,"Aug 30, 2025",6:00 PM,Sat,Iowa,34,,Albany,7,
2,"Aug 30, 2025",3:30 PM,Sat,Iowa State,55,,South Dakota,7,
2,"Aug 30, 2025",6:00 PM,Sat,James Madison,45,,Weber State,10,
2,"Aug 30, 2025",7:00 PM,Sat,Kansas State,38,,North Dakota,35,
2,"Aug 30, 2025",12:00 PM,Sat,Kent State,21,,Merrimack,17,
2,"Aug 30, 2025",12:45 PM,Sat,Kentucky,24,,Toledo,16,
2,"Aug 30, 2025",4:00 PM,Sat,Liberty,28,,Maine,7,
2,"Aug 30, 2025",7:30 PM,Sat,Louisiana State,17,@,Clemson,10,
2,"Aug 30, 2025",7:30 PM,Sat,Louisiana Tech,24,,Southeastern Louisiana,0,
2,"Aug 30, 2025",3:00 PM,Sat,Louisville,51,,Eastern Kentucky,17,
2,"Aug 30, 2025",12:00 PM,Sat,Maryland,39,,Florida Atlantic,7,
2,"Aug 30, 2025",4:30 PM,Sat,Memphis,45,,Chattanooga,10,
2,"Aug 30, 2025",7:30 PM,Sat,Michigan,34,,New Mexico,17,
2,"Aug 30, 2025",7:45 PM,Sat,Mississippi,63,,Georgia State,7,
2,"Aug 30, 2025",12:00 PM,Sat,Mississippi State,34,@,Southern Mississippi,17,
2,"Aug 30, 2025",12:00 PM,Sat,Navy,52,,Virginia Military Institute,7,
2,"Aug 30, 2025",9:00 PM,Sat,New Mexico State,19,,Bryant,3,
2,"Aug 30, 2025",8:00 PM,Sat,North Texas,51,,Lamar,0,
2,"Aug 30, 2025",3:30 PM,Sat,Northern Illinois,19,,Holy Cross,17,
2,"Aug 30, 2025",12:00 PM,Sat,Ohio State,14,,Texas,7,
2,"Aug 30, 2025",6:00 PM,Sat,Oklahoma,35,,Illinois State,3,
2,"Aug 30, 2025",4:00 PM,Sat,Oregon,59,,Montana State,13,
2,"Aug 30, 2025",3:30 PM,Sat,Penn State,46,,Nevada,11,
2,"Aug 30, 2025",12:00 PM,Sat,Pittsburgh,61,,Duquesne,9,
2,"Aug 30, 2025",12:00 PM,Sat,Purdue,31,,Ball State,0,
2,"Aug 30, 2025",8:00 PM,Sat,Rice,14,@,Louisiana,12,
2,"Aug 30, 2025",7:00 PM,Sat,South Alabama,38,,Morgan State,21,
2,"Aug 30, 2025",7:30 PM,Sat,Southern California,73,,Missouri State,13,
2,"Aug 30, 2025",9:00 PM,Sat,Southern Methodist,42,,East Texas A&M,13,
2,"Aug 30, 2025",3:30 PM,Sat,Temple,42,@,Massachusetts,10,
2,"Aug 30, 2025",12:00 PM,Sat,Tennessee,45,N,Syracuse,26,
2,"Aug 30, 2025",7:00 PM,Sat,Texas A&M,42,,Texas-San Antonio,24,
2,"Aug 30, 2025",8:00 PM,Sat,Texas State,52,,Eastern Michigan,27,
2,"Aug 30, 2025",7:30 PM,Sat,Texas Tech,67,,Arkansas-Pine Bluff,7,
2,"Aug 30, 2025",7:00 PM,Sat,Troy,38,,Nicholls State,20,
2,"Aug 30, 2025",12:00 PM,Sat,Tulane,23,,Northwestern,3,
2,"Aug 30, 2025",8:00 PM,Sat,Tulsa,35,,Abilene Christian,7,
2,"Aug 30, 2025",11:00 PM,Sat,Utah,43,@,UCLA,10,
2,"Aug 30, 2025",7:30 PM,Sat,Utah State,28,,Texas-El Paso,16,
2,"Aug 30, 2025",7:00 PM,Sat,Vanderbilt,45,,Charleston Southern,3,
2,"Aug 30, 2025",6:00 PM,Sat,Virginia,48,,Coastal Carolina,7,
2,"Aug 30, 2025",11:00 PM,Sat,Washington,38,,Colorado State,21,
2,"Aug 30, 2025",10:00 PM,Sat,Washington State,13,,Idaho,10,
2,"Aug 30, 2025",2:00 PM,Sat,West Virginia,45,,Robert Morris,3,
2,"Aug 30, 2025",7:00 PM,Sat,Western Kentucky,55,,North Alabama,6,
2,"Aug 31, 2025",7:30 PM,Sun,Miami (FL),27,,Notre Dame,24,
2,"Aug 31, 2025",3:00 PM,Sun,South Carolina,24,N,Virginia Tech,11,
2,"Sep 1, 2025",8:00 PM,Mon,Texas Christian,48,@,North Carolina,14,
3,"Sep 5, 2025",9:00 PM,Fri,Boise State,51,,Eastern Washington,14,
3,"Sep 5, 2025",7:00 PM,Fri,Louisville,28,,James Madison,14,
3,"Sep 5, 2025",7:30 PM,Fri,Maryland,20,,Northern Illinois,9,
3,"Sep 5, 2025",7:30 PM,Fri,Northwestern,42,,Western Illinois,7,
3,"Sep 6, 2025",7:45 PM,Sat,Alabama,73,,Louisiana-Monroe,0,
3,"Sep 6, 2025",3:30 PM,Sat,Appalachian State,20,,Lindenwood,13,
3,"Sep 6, 2025",10:00 PM,Sat,Arizona,48,,Weber State,3,
3,"Sep 6, 2025",5:00 PM,Sat,Arkansas,56,,Arkansas State,14,
3,"Sep 6, 2025",7:00 PM,Sat,Army,24,@,Kansas State,21,
3,"Sep 6, 2025",7:30 PM,Sat,Auburn,42,,Ball State,3,
3,"Sep 6, 2025",12:00 PM,Sat,Baylor,48,@,Southern Methodist,45,
3,"Sep 6, 2025",10:15 PM,Sat,Brigham Young,27,,Stanford,3,
3,"Sep 6, 2025",3:30 PM,Sat,Bryant,27,@,Massachusetts,26,
3,"Sep 6, 2025",3:30 PM,Sat,Buffalo,45,,St. Francis (PA),6,
3,"Sep 6, 2025",6:00 PM,Sat,California,35,,Texas Southern,3,
3,"Sep 6, 2025",7:00 PM,Sat,Central Florida,68,,North Carolina A&T,7,
3,"Sep 6, 2025",3:30 PM,Sat,Cincinnati,34,,Bowling Green,20,
3,"Sep 6, 2025",3:30 PM,Sat,Clemson,27,,Troy,16,
3,"Sep 6, 2025",7:30 PM,Sat,Coastal Carolina,13,,Charleston Southern,0,
3,"Sep 6, 2025",3:30 PM,Sat,Colorado,31,,Delaware,7,
3,"Sep 6, 2025",7:00 PM,Sat,Colorado State,21,,Northern Colorado,17,
3,"Sep 6, 2025",6:00 PM,Sat,East Carolina,56,,Campbell,3,
3,"Sep 6, 2025",6:00 PM,Sat,Florida Atlantic,56,,Florida A&M,14,
3,"Sep 6, 2025",12:00 PM,Sat,Florida State,77,,East Texas A&M,3,
3,"Sep 6, 2025",3:30 PM,Sat,Fresno State,36,@,Oregon State,27,
3,"Sep 6, 2025",3:30 PM,Sat,Georgia,28,,Austin Peay,6,
3,"Sep 6, 2025",3:30 PM,Sat,Georgia Tech,59,,Gardner-Webb,12,
3,"Sep 6, 2025",7:00 PM,Sat,Houston,35,@,Rice,9,
3,"Sep 6, 2025",12:00 PM,Sat,Illinois,45,@,Duke,19,
3,"Sep 6, 2025",12:00 PM,Sat,Indiana,56,,Kennesaw State,9,
3,"Sep 6, 2025",12:00 PM,Sat,Iowa State,16,,Iowa,13,
3,"Sep 6, 2025",12:00 PM,Sat,Jacksonville State,34,,Liberty,24,
3,"Sep 6, 2025",7:00 PM,Sat,Long Island,28,@,Eastern Michigan,23,
3,"Sep 6, 2025",8:00 PM,Sat,Louisiana,34,,McNeese State,10,
3,"Sep 6, 2025",7:30 PM,Sat,Louisiana State,23,,Louisiana Tech,7,
3,"Sep 6, 2025",7:00 PM,Sat,Memphis,38,@,Georgia State,16,
3,"Sep 6, 2025",7:00 PM,Sat,Miami (FL),45,,Bethune-Cookman,3,
3,"Sep 6, 2025",7:30 PM,Sat,Michigan State,42,,Boston College,40,
3,"Sep 6, 2025",12:00 PM,Sat,Minnesota,66,,Northwestern State,0,
3,"Sep 6, 2025",3:30 PM,Sat,Mississippi,30,@,Kentucky,23,
3,"Sep 6, 2025",7:30 PM,Sat,Mississippi State,24,,Arizona State,20,
3,"Sep 6, 2025",3:30 PM,Sat,Missouri,42,,Kansas,31,
3,"Sep 6, 2025",6:00 PM,Sat,Missouri State,21,@,Marshall,20,
3,"Sep 6, 2025",3:30 PM,Sat,Navy,38,,Alabama-Birmingham,24,
3,"Sep 6, 2025",7:30 PM,Sat,Nebraska,68,,Akron,0,
3,"Sep 6, 2025",5:00 PM,Sat,Nevada,20,,Sacramento State,17,
3,"Sep 6, 2025",8:00 PM,Sat,Nevada-Las Vegas,30,,UCLA,23,
3,"Sep 6, 2025",3:00 PM,Sat,New Mexico,32,,Idaho State,22,
3,"Sep 6, 2025",9:00 PM,Sat,New Mexico State,21,,Tulsa,14,
3,"Sep 6, 2025",7:00 PM,Sat,North Carolina,20,@,Charlotte,3,
3,"Sep 6, 2025",12:00 PM,Sat,North Carolina State,35,,Virginia,31,
3,"Sep 6, 2025",3:30 PM,Sat,North Texas,33,@,Western Michigan,30,
3,"Sep 6, 2025",4:00 PM,Sat,Ohio,17,,West Virginia,10,
3,"Sep 6, 2025",3:30 PM,Sat,Ohio State,70,,Grambling State,0,
3,"Sep 6, 2025",7:30 PM,Sat,Oklahoma,24,,Michigan,13,
3,"Sep 6, 2025",6:00 PM,Sat,Old Dominion,54,,North Carolina Central,6,
3,"Sep 6, 2025",3:30 PM,Sat,Oregon,69,,Oklahoma State,3,
3,"Sep 6, 2025",12:00 PM,Sat,Penn State,34,,Florida International,0,
3,"Sep 6, 2025",12:00 PM,Sat,Pittsburgh,45,,Central Michigan,17,
3,"Sep 6, 2025",7:30 PM,Sat,Purdue,34,,Southern Illinois,17,
3,"Sep 6, 2025",3:30 PM,Sat,Rutgers,45,,Miami (OH),17,
3,"Sep 6, 2025",7:00 PM,Sat,South Carolina,38,,South Carolina State,10,
3,"Sep 6, 2025",4:15 PM,Sat,South Florida,18,@,Florida,16,
3,"Sep 6, 2025",7:30 PM,Sat,Southern California,59,,Georgia Southern,20,
3,"Sep 6, 2025",5:00 PM,Sat,Southern Mississippi,38,,Jackson State,20,
3,"Sep 6, 2025",12:00 PM,Sat,Syracuse,27,,Connecticut,20,
3,"Sep 6, 2025",2:00 PM,Sat,Temple,55,,Howard,7,
3,"Sep 6, 2025",3:30 PM,Sat,Tennessee,72,,East Tennessee State,17,
3,"Sep 6, 2025",12:00 PM,Sat,Texas,38,,San Jose State,7,
3,"Sep 6, 2025",12:45 PM,Sat,Texas A&M,44,,Utah State,22,
3,"Sep 6, 2025",3:30 PM,Sat,Texas State,43,@,Texas-San Antonio,36,
3,"Sep 6, 2025",12:00 PM,Sat,Texas Tech,62,,Kent State,14,
3,"Sep 6, 2025",9:00 PM,Sat,Texas-El Paso,42,,Tennessee-Martin,17,
3,"Sep 6, 2025",7:00 PM,Sat,Toledo,45,,Western Kentucky,21,
3,"Sep 6, 2025",7:00 PM,Sat,Tulane,33,@,South Alabama,31,
3,"Sep 6, 2025",6:00 PM,Sat,Utah,63,,Cal Poly,9,
3,"Sep 6, 2025",7:30 PM,Sat,Vanderbilt,44,@,Virginia Tech,20,
3,"Sep 6, 2025",2:00 PM,Sat,Wake Forest,42,,Western Carolina,10,
3,"Sep 6, 2025",11:00 PM,Sat,Washington,70,,California-Davis,10,
3,"Sep 6, 2025",10:15 PM,Sat,Washington State,36,,San Diego State,13,
3,"Sep 6, 2025",4:00 PM,Sat,Wisconsin,42,,Middle Tennessee State,10,
3,"Sep 6, 2025",4:00 PM,Sat,Wyoming,31,,Northern Iowa,7,
3,"Sep 7, 2025",12:00 AM,Sun,Hawaii,37,,Sam Houston,20,
4,"Sep 11, 2025",7:30 PM,Thu,North Carolina State,34,@,Wake Forest,24,
4,"Sep 12, 2025",9:00 PM,Fri,Arizona,23,,Kansas State,17,
4,"Sep 12, 2025",7:30 PM,Fri,Houston,36,,Colorado,20,
4,"Sep 12, 2025",6:30 PM,Fri,Indiana,73,,Indiana State,0,
4,"Sep 12, 2025",10:00 PM,Fri,New Mexico,35,@,UCLA,10,
4,"Sep 12, 2025",7:00 PM,Fri,Syracuse,66,,Colgate,24,
4,"Sep 13, 2025",12:00 PM,Sat,Alabama,38,,Wisconsin,14,
4,"Sep 13, 2025",8:30 PM,Sat,Alabama-Birmingham,31,,Akron,28,
4,"Sep 13, 2025",10:30 PM,Sat,Arizona State,34,,Texas State,15,
4,"Sep 13, 2025",12:45 PM,Sat,Auburn,31,,South Alabama,15,
4,"Sep 13, 2025",2:00 PM,Sat,Ball State,34,,New Hampshire,29,
4,"Sep 13, 2025",12:00 PM,Sat,Baylor,42,,Samford,7,
4,"Sep 13, 2025",5:00 PM,Sat,Bowling Green,23,,Liberty,13,
4,"Sep 13, 2025",12:00 PM,Sat,Buffalo,31,@,Kent State,28,
4,"Sep 13, 2025",10:30 PM,Sat,California,27,,Minnesota,14,
4,"Sep 13, 2025",6:00 PM,Sat,Charlotte,42,,Monmouth,35,
4,"Sep 13, 2025",3:30 PM,Sat,Cincinnati,70,,Northwestern State,0,
4,"Sep 13, 2025",3:00 PM,Sat,Delaware,44,,Connecticut,41,
4,"Sep 13, 2025",7:30 PM,Sat,East Carolina,38,@,Coastal Carolina,0,
4,"Sep 13, 2025",6:00 PM,Sat,Florida International,38,,Florida Atlantic,28,
4,"Sep 13, 2025",10:00 PM,Sat,Fresno State,56,,Southern,7,
4,"Sep 13, 2025",3:30 PM,Sat,Georgia,44,@,Tennessee,41,
4,"Sep 13, 2025",8:00 PM,Sat,Georgia Southern,41,,Jacksonville State,34,
4,"Sep 13, 2025",7:00 PM,Sat,Georgia State,37,,Murray State,21,
4,"Sep 13, 2025",12:00 PM,Sat,Georgia Tech,24,,Clemson,21,
4,"Sep 13, 2025",7:00 PM,Sat,Illinois,38,,Western Michigan,0,
4,"Sep 13, 2025",7:30 PM,Sat,Iowa,47,,Massachusetts,7,
4,"Sep 13, 2025",4:00 PM,Sat,Iowa State,24,@,Arkansas State,16,
4,"Sep 13, 2025",6:00 PM,Sat,Kennesaw State,27,,Merrimack,13,
4,"Sep 13, 2025",7:30 PM,Sat,Kentucky,48,,Eastern Michigan,23,
4,"Sep 13, 2025",7:30 PM,Sat,Louisiana State,20,,Florida,10,
4,"Sep 13, 2025",7:30 PM,Sat,Louisiana Tech,49,,New Mexico State,14,
4,"Sep 13, 2025",6:00 PM,Sat,Marshall,38,,Eastern Kentucky,7,
4,"Sep 13, 2025",12:00 PM,Sat,Maryland,44,,Towson,17,
4,"Sep 13, 2025",12:00 PM,Sat,Memphis,28,@,Troy,7,
4,"Sep 13, 2025",4:30 PM,Sat,Miami (FL),49,,South Florida,12,
4,"Sep 13, 2025",12:00 PM,Sat,Michigan,63,,Central Michigan,3,
4,"Sep 13, 2025",3:30 PM,Sat,Michigan State,41,,Youngstown State,24,
4,"Sep 13, 2025",5:00 PM,Sat,Middle Tennessee State,14,@,Nevada,13,
4,"Sep 13, 2025",7:00 PM,Sat,Mississippi,41,,Arkansas,35,
4,"Sep 13, 2025",6:00 PM,Sat,Mississippi State,63,,Alcorn State,0,
4,"Sep 13, 2025",4:00 PM,Sat,Missouri,52,,Louisiana,10,
4,"Sep 13, 2025",8:00 PM,Sat,Navy,42,@,Tulsa,23,
4,"Sep 13, 2025",12:00 PM,Sat,Nebraska,59,,Houston Baptist,7,
4,"Sep 13, 2025",3:30 PM,Sat,North Carolina,41,,Richmond,6,
4,"Sep 13, 2025",3:30 PM,Sat,North Texas,59,,Washington State,10,
4,"Sep 13, 2025",7:00 PM,Sat,Ohio State,37,,Ohio,9,
4,"Sep 13, 2025",12:00 PM,Sat,Oklahoma,42,@,Temple,3,
4,"Sep 13, 2025",7:00 PM,Sat,Old Dominion,45,@,Virginia Tech,26,
4,"Sep 13, 2025",12:00 PM,Sat,Oregon,34,@,Northwestern,14,
4,"Sep 13, 2025",3:30 PM,Sat,Penn State,52,,Villanova,6,
4,"Sep 13, 2025",7:00 PM,Sat,Rice,38,,Prairie View A&M,17,
4,"Sep 13, 2025",3:30 PM,Sat,Rutgers,60,,Norfolk State,10,
4,"Sep 13, 2025",3:30 PM,Sat,Southern California,33,@,Purdue,17,
4,"Sep 13, 2025",3:30 PM,Sat,Southern Methodist,28,@,Missouri State,10,
4,"Sep 13, 2025",7:00 PM,Sat,Southern Mississippi,38,,Appalachian State,22,
4,"Sep 13, 2025",10:30 PM,Sat,Stanford,30,,Boston College,20,
4,"Sep 13, 2025",4:15 PM,Sat,Texas,27,,Texas-El Paso,10,
4,"Sep 13, 2025",7:30 PM,Sat,Texas A&M,41,@,Notre Dame,40,
4,"Sep 13, 2025",8:00 PM,Sat,Texas Christian,42,,Abilene Christian,21,
4,"Sep 13, 2025",3:30 PM,Sat,Texas Tech,45,,Oregon State,14,
4,"Sep 13, 2025",3:30 PM,Sat,Texas-San Antonio,48,,Incarnate Word,20,
4,"Sep 13, 2025",3:30 PM,Sat,Toledo,60,,Morgan State,0,
4,"Sep 13, 2025",8:00 PM,Sat,Tulane,34,,Duke,27,
4,"Sep 13, 2025",8:00 PM,Sat,Utah,31,@,Wyoming,6,
4,"Sep 13, 2025",9:45 PM,Sat,Utah State,49,,Air Force,30,
4,"Sep 13, 2025",7:45 PM,Sat,Vanderbilt,31,@,South Carolina,7,
4,"Sep 13, 2025",12:00 PM,Sat,Virginia,55,,William & Mary,16,
4,"Sep 13, 2025",3:30 PM,Sat,West Virginia,31,,Pittsburgh,24,
4,"Sep 14, 2025",12:00 AM,Sun,Hawaii,23,,Portland State,3,
5,"Sep 18, 2025",7:30 PM,Thu,Rice,28,@,Charlotte,17,
5,"Sep 19, 2025",8:00 PM,Fri,Iowa,38,@,Rutgers,28,
5,"Sep 19, 2025",7:30 PM,Fri,Tulsa,19,@,Oklahoma State,12,
5,"Sep 20, 2025",6:00 PM,Sat,Akron,51,,Duquesne,7,
5,"Sep 20, 2025",7:30 PM,Sat,Arizona State,27,@,Baylor,24,
5,"Sep 20, 2025",7:00 PM,Sat,Boise State,49,@,Air Force,37,
5,"Sep 20, 2025",7:30 PM,Sat,Brigham Young,34,@,East Carolina,13,
5,"Sep 20, 2025",3:30 PM,Sat,Central Florida,34,,North Carolina,9,
5,"Sep 20, 2025",1:00 PM,Sat,Central Michigan,49,,Wagner,10,
5,"Sep 20, 2025",7:00 PM,Sat,Coastal Carolina,38,@,South Alabama,20,
5,"Sep 20, 2025",10:15 PM,Sat,Colorado,37,,Wyoming,20,
5,"Sep 20, 2025",3:30 PM,Sat,Connecticut,31,,Ball State,25,
5,"Sep 20, 2025",6:00 PM,Sat,Delaware,38,@,Florida International,16,
5,"Sep 20, 2025",4:00 PM,Sat,Duke,45,,North Carolina State,33,
5,"Sep 20, 2025",3:30 PM,Sat,Eastern Michigan,34,,Louisiana,31,
5,"Sep 20, 2025",3:30 PM,Sat,Florida State,66,,Kent State,10,
5,"Sep 20, 2025",7:00 PM,Sat,Georgia Southern,45,,Maine,17,
5,"Sep 20, 2025",4:30 PM,Sat,Georgia Tech,45,,Temple,24,
5,"Sep 20, 2025",7:30 PM,Sat,Indiana,63,,Illinois,10,
5,"Sep 20, 2025",7:00 PM,Sat,Jacksonville State,45,,Murray State,10,
5,"Sep 20, 2025",3:30 PM,Sat,James Madison,31,@,Liberty,13,
5,"Sep 20, 2025",6:00 PM,Sat,Kansas,41,,West Virginia,10,
5,"Sep 20, 2025",6:00 PM,Sat,Kennesaw State,28,,Arkansas State,21,
5,"Sep 20, 2025",7:45 PM,Sat,Louisiana State,56,,Southeastern Louisiana,10,
5,"Sep 20, 2025",7:30 PM,Sat,Louisiana Tech,30,,Southern Mississippi,20,
5,"Sep 20, 2025",9:00 PM,Sat,Louisiana-Monroe,31,@,Texas-El Paso,25,
5,"Sep 20, 2025",12:00 PM,Sat,Louisville,40,,Bowling Green,17,
5,"Sep 20, 2025",7:00 PM,Sat,Marshall,42,@,Middle Tennessee State,28,
5,"Sep 20, 2025",12:00 PM,Sat,Maryland,27,@,Wisconsin,10,
5,"Sep 20, 2025",12:00 PM,Sat,Memphis,32,,Arkansas,31,
5,"Sep 20, 2025",7:30 PM,Sat,Miami (FL),26,,Florida,7,
5,"Sep 20, 2025",3:30 PM,Sat,Michigan,30,@,Nebraska,27,
5,"Sep 20, 2025",3:30 PM,Sat,Mississippi,45,,Tulane,10,
5,"Sep 20, 2025",4:15 PM,Sat,Mississippi State,38,,Northern Illinois,10,
5,"Sep 20, 2025",7:00 PM,Sat,Missouri,29,,South Carolina,20,
5,"Sep 20, 2025",7:00 PM,Sat,Missouri State,42,,Tennessee-Martin,10,
5,"Sep 20, 2025",12:00 PM,Sat,Nevada-Las Vegas,41,@,Miami (OH),38,
5,"Sep 20, 2025",12:00 PM,Sat,North Texas,45,@,Army,38,
5,"Sep 20, 2025",3:30 PM,Sat,Notre Dame,56,,Purdue,30,
5,"Sep 20, 2025",3:30 PM,Sat,Ohio,52,,Gardner-Webb,35,
5,"Sep 20, 2025",3:30 PM,Sat,Oklahoma,24,,Auburn,17,
5,"Sep 20, 2025",3:00 PM,Sat,Oregon,41,,Oregon State,7,
5,"Sep 20, 2025",10:30 PM,Sat,San Diego State,34,,California,0,
5,"Sep 20, 2025",5:00 PM,Sat,San Jose State,31,,Idaho,28,
5,"Sep 20, 2025",12:00 PM,Sat,South Florida,63,,South Carolina State,14,
5,"Sep 20, 2025",11:00 PM,Sat,Southern California,45,,Michigan State,31,
5,"Sep 20, 2025",12:00 PM,Sat,Syracuse,34,@,Clemson,21,
5,"Sep 20, 2025",12:45 PM,Sat,Tennessee,56,,Alabama-Birmingham,24,
5,"Sep 20, 2025",8:00 PM,Sat,Texas,55,,Sam Houston,0,
5,"Sep 20, 2025",12:00 PM,Sat,Texas Christian,35,,Southern Methodist,24,
5,"Sep 20, 2025",8:00 PM,Sat,Texas State,35,,Nicholls State,3,
5,"Sep 20, 2025",12:00 PM,Sat,Texas Tech,34,@,Utah,10,
5,"Sep 20, 2025",9:30 PM,Sat,Texas-San Antonio,17,@,Colorado State,16,
5,"Sep 20, 2025",3:30 PM,Sat,Troy,21,@,Buffalo,17,
5,"Sep 20, 2025",8:00 PM,Sat,Utah State,48,,McNeese State,7,
5,"Sep 20, 2025",7:30 PM,Sat,Vanderbilt,70,,Georgia State,21,
5,"Sep 20, 2025",7:30 PM,Sat,Virginia,48,,Stanford,20,
5,"Sep 20, 2025",12:00 PM,Sat,Virginia Tech,38,,Wofford,6,
5,"Sep 20, 2025",7:30 PM,Sat,Washington,59,@,Washington State,24,
5,"Sep 20, 2025",7:00 PM,Sat,Western Kentucky,31,,Nevada,16,
5,"Sep 20, 2025",3:30 PM,Sat,Western Michigan,14,,Toledo,13,
5,"Sep 21, 2025",12:00 AM,Sun,Fresno State,23,@,Hawaii,21,
6,"Sep 25, 2025",7:30 PM,Thu,East Carolina,28,,Army,6,
6,"Sep 26, 2025",9:00 PM,Fri,Arizona State,27,,Texas Christian,24,
6,"Sep 26, 2025",10:30 PM,Fri,Houston,27,@,Oregon State,24,
6,"Sep 26, 2025",7:00 PM,Fri,Virginia,46,,Florida State,38,
6,"Sep 27, 2025",7:30 PM,Sat,Alabama,24,@,Georgia,21,
6,"Sep 27, 2025",3:30 PM,Sat,Baylor,45,@,Oklahoma State,27,
6,"Sep 27, 2025",7:30 PM,Sat,Boise State,47,,Appalachian State,14,
6,"Sep 27, 2025",10:15 PM,Sat,Brigham Young,24,@,Colorado,21,
6,"Sep 27, 2025",3:30 PM,Sat,California,28,@,Boston College,24,
6,"Sep 27, 2025",1:00 PM,Sat,Central Michigan,24,,Eastern Michigan,13,
6,"Sep 27, 2025",12:00 PM,Sat,Cincinnati,37,@,Kansas,34,
6,"Sep 27, 2025",3:30 PM,Sat,Connecticut,20,@,Buffalo,17,
6,"Sep 27, 2025",12:00 PM,Sat,Duke,38,@,Syracuse,3,
6,"Sep 27, 2025",12:00 PM,Sat,Georgia Tech,30,@,Wake Forest,29,
6,"Sep 27, 2025",4:10 PM,Sat,Hawaii,44,@,Air Force,35,
6,"Sep 27, 2025",12:00 PM,Sat,Illinois,34,,Southern California,32,
6,"Sep 27, 2025",3:30 PM,Sat,Indiana,20,@,Iowa,15,
6,"Sep 27, 2025",7:00 PM,Sat,Iowa State,39,,Arizona,14,
6,"Sep 27, 2025",1:30 PM,Sat,James Madison,35,,Georgia Southern,10,
6,"Sep 27, 2025",12:00 PM,Sat,Kansas State,34,,Central Florida,20,
6,"Sep 27, 2025",6:00 PM,Sat,Kennesaw State,24,,Middle Tennessee State,16,
6,"Sep 27, 2025",8:00 PM,Sat,Louisiana,54,,Marshall,51,
6,"Sep 27, 2025",9:00 PM,Sat,Louisiana Tech,30,@,Texas-El Paso,11,
6,"Sep 27, 2025",3:00 PM,Sat,Louisiana-Monroe,28,,Arkansas State,16,
6,"Sep 27, 2025",12:00 PM,Sat,Louisville,34,@,Pittsburgh,27,
6,"Sep 27, 2025",7:00 PM,Sat,Memphis,55,@,Florida Atlantic,26,
6,"Sep 27, 2025",3:30 PM,Sat,Miami (OH),38,,Lindenwood,0,
6,"Sep 27, 2025",12:00 PM,Sat,Minnesota,31,,Rutgers,28,
6,"Sep 27, 2025",3:30 PM,Sat,Mississippi,24,,Louisiana State,19,
6,"Sep 27, 2025",7:30 PM,Sat,Missouri,42,,Massachusetts,6,
6,"Sep 27, 2025",3:30 PM,Sat,Navy,21,,Rice,13,
6,"Sep 27, 2025",4:00 PM,Sat,New Mexico,38,,New Mexico State,20,
6,"Sep 27, 2025",12:00 PM,Sat,North Texas,36,,South Alabama,22,
6,"Sep 27, 2025",3:30 PM,Sat,Northwestern,17,,UCLA,14,
6,"Sep 27, 2025",12:00 PM,Sat,Notre Dame,56,@,Arkansas,13,
6,"Sep 27, 2025",12:00 PM,Sat,Ohio,35,,Bowling Green,20,
6,"Sep 27, 2025",3:30 PM,Sat,Ohio State,24,@,Washington,6,
6,"Sep 27, 2025",6:00 PM,Sat,Old Dominion,21,,Liberty,7,
6,"Sep 27, 2025",7:30 PM,Sat,Oregon,30,@,Penn State,24,
6,"Sep 27, 2025",3:30 PM,Sat,San Diego State,6,@,Northern Illinois,3,
6,"Sep 27, 2025",7:45 PM,Sat,South Carolina,35,,Kentucky,13,
6,"Sep 27, 2025",7:00 PM,Sat,Southern Mississippi,42,,Jacksonville State,25,
6,"Sep 27, 2025",7:30 PM,Sat,Stanford,30,,San Jose State,29,
6,"Sep 27, 2025",4:15 PM,Sat,Tennessee,41,@,Mississippi State,34,
6,"Sep 27, 2025",3:30 PM,Sat,Texas A&M,16,,Auburn,10,
6,"Sep 27, 2025",3:30 PM,Sat,Toledo,45,,Akron,3,
6,"Sep 27, 2025",4:00 PM,Sat,Tulane,31,@,Tulsa,14,
6,"Sep 27, 2025",3:30 PM,Sat,Utah,48,@,West Virginia,14,
6,"Sep 27, 2025",12:45 PM,Sat,Vanderbilt,55,,Utah State,35,
6,"Sep 27, 2025",7:00 PM,Sat,Virginia Tech,23,@,North Carolina State,21,
6,"Sep 27, 2025",7:30 PM,Sat,Washington State,20,@,Colorado State,3,
6,"Sep 27, 2025",7:00 PM,Sat,Western Kentucky,27,@,Missouri State,22,
6,"Sep 27, 2025",6:30 PM,Sat,Western Michigan,47,,Rhode Island,14,
7,"Oct 2, 2025",9:00 PM,Thu,New Mexico State,37,,Sam Houston,10,
7,"Oct 3, 2025",10:30 PM,Fri,Brigham Young,38,,West Virginia,24,
7,"Oct 3, 2025",10:30 PM,Fri,San Diego State,45,,Colorado State,24,
7,"Oct 3, 2025",10:00 PM,Fri,San Jose State,35,,New Mexico,28,
7,"Oct 3, 2025",7:00 PM,Fri,South Florida,54,,Charlotte,26,
7,"Oct 3, 2025",7:00 PM,Fri,Western Kentucky,27,@,Delaware,24,
7,"Oct 4, 2025",3:30 PM,Sat,Akron,28,,Central Michigan,22,
7,"Oct 4, 2025",3:30 PM,Sat,Alabama,30,,Vanderbilt,14,
7,"Oct 4, 2025",3:30 PM,Sat,Appalachian State,27,,Oregon State,23,
7,"Oct 4, 2025",2:00 PM,Sat,Arizona,41,,Oklahoma State,13,
7,"Oct 4, 2025",4:00 PM,Sat,Arkansas State,31,,Texas State,30,
7,"Oct 4, 2025",12:00 PM,Sat,Army,31,@,Alabama-Birmingham,13,
7,"Oct 4, 2025",12:00 PM,Sat,Ball State,20,,Ohio,14,
7,"Oct 4, 2025",12:00 PM,Sat,Baylor,35,,Kansas State,34,
7,"Oct 4, 2025",3:30 PM,Sat,Buffalo,31,,Eastern Michigan,30,
7,"Oct 4, 2025",12:00 PM,Sat,Cincinnati,38,,Iowa State,30,
7,"Oct 4, 2025",12:00 PM,Sat,Clemson,38,@,North Carolina,10,
7,"Oct 4, 2025",3:30 PM,Sat,Connecticut,51,,Florida International,10,
7,"Oct 4, 2025",10:30 PM,Sat,Duke,45,@,California,21,
7,"Oct 4, 2025",3:30 PM,Sat,Florida,29,,Texas,21,
7,"Oct 4, 2025",7:00 PM,Sat,Florida Atlantic,27,@,Rice,21,
7,"Oct 4, 2025",10:30 PM,Sat,Fresno State,20,,Nevada,17,
7,"Oct 4, 2025",12:00 PM,Sat,Georgia,35,,Kentucky,14,
7,"Oct 4, 2025",12:00 PM,Sat,Illinois,43,@,Purdue,27,
7,"Oct 4, 2025",3:30 PM,Sat,James Madison,14,@,Georgia State,7,
7,"Oct 4, 2025",7:30 PM,Sat,Kansas,27,@,Central Florida,20,
7,"Oct 4, 2025",8:00 PM,Sat,Memphis,45,,Tulsa,7,
7,"Oct 4, 2025",7:30 PM,Sat,Miami (FL),28,@,Florida State,22,
7,"Oct 4, 2025",3:30 PM,Sat,Miami (OH),25,@,Northern Illinois,14,
7,"Oct 4, 2025",12:00 PM,Sat,Michigan,24,,Wisconsin,10,
7,"Oct 4, 2025",12:00 PM,Sat,Navy,34,,Air Force,31,
7,"Oct 4, 2025",4:00 PM,Sat,Nebraska,38,,Michigan State,27,
7,"Oct 4, 2025",7:00 PM,Sat,Nevada-Las Vegas,31,@,Wyoming,17,
7,"Oct 4, 2025",2:00 PM,Sat,North Carolina State,56,,Campbell,10,
7,"Oct 4, 2025",3:30 PM,Sat,Northwestern,42,,Louisiana-Monroe,7,
7,"Oct 4, 2025",3:30 PM,Sat,Notre Dame,28,,Boise State,7,
7,"Oct 4, 2025",7:30 PM,Sat,Ohio State,42,,Minnesota,3,
7,"Oct 4, 2025",4:00 PM,Sat,Oklahoma,44,,Kent State,0,
7,"Oct 4, 2025",6:00 PM,Sat,Old Dominion,47,,Coastal Carolina,7,
7,"Oct 4, 2025",12:00 PM,Sat,Pittsburgh,48,,Boston College,7,
7,"Oct 4, 2025",3:30 PM,Sat,Southern Methodist,31,,Syracuse,18,
7,"Oct 4, 2025",1:00 PM,Sat,Temple,27,,Texas-San Antonio,21,
7,"Oct 4, 2025",7:30 PM,Sat,Texas A&M,31,,Mississippi State,9,
7,"Oct 4, 2025",7:30 PM,Sat,Texas Christian,35,,Colorado,21,
7,"Oct 4, 2025",7:00 PM,Sat,Texas Tech,35,@,Houston,11,
7,"Oct 4, 2025",7:00 PM,Sat,Troy,31,,South Alabama,24,
7,"Oct 4, 2025",3:30 PM,Sat,UCLA,42,,Penn State,37,
7,"Oct 4, 2025",3:30 PM,Sat,Virginia,30,@,Louisville,27,
7,"Oct 4, 2025",1:00 PM,Sat,Wake Forest,30,@,Virginia Tech,23,
7,"Oct 4, 2025",3:30 PM,Sat,Washington,24,@,Maryland,20,
7,"Oct 4, 2025",2:30 PM,Sat,Western Michigan,21,@,Massachusetts,3,
8,"Oct 8, 2025",8:00 PM,Wed,Liberty,19,@,Texas-El Paso,8,
8,"Oct 8, 2025",7:30 PM,Wed,Missouri State,22,@,Middle Tennessee State,20,
8,"Oct 9, 2025",8:00 PM,Thu,Jacksonville State,29,@,Sam Houston,27,
8,"Oct 9, 2025",7:00 PM,Thu,Kennesaw State,35,,Louisiana Tech,7,
8,"Oct 9, 2025",8:00 PM,Thu,Southern Mississippi,38,@,Georgia Southern,35,
8,"Oct 9, 2025",7:30 PM,Thu,Tulane,26,,East Carolina,19,
8,"Oct 10, 2025",9:00 PM,Fri,Colorado State,49,,Fresno State,21,
8,"Oct 10, 2025",7:30 PM,Fri,South Florida,63,@,North Texas,36,
8,"Oct 10, 2025",9:00 PM,Fri,Washington,38,,Rutgers,19,
8,"Oct 11, 2025",12:00 PM,Sat,Alabama,27,@,Missouri,24,
8,"Oct 11, 2025",3:30 PM,Sat,Appalachian State,41,@,Georgia State,20,
8,"Oct 11, 2025",12:00 PM,Sat,Army,24,,Charlotte,7,
8,"Oct 11, 2025",9:45 PM,Sat,Boise State,41,,New Mexico,25,
8,"Oct 11, 2025",12:00 PM,Sat,Bowling Green,28,,Toledo,23,
8,"Oct 11, 2025",8:00 PM,Sat,Brigham Young,33,@,Arizona,27,
8,"Oct 11, 2025",12:00 PM,Sat,Cincinnati,20,,Central Florida,11,
8,"Oct 11, 2025",7:30 PM,Sat,Clemson,41,@,Boston College,10,
8,"Oct 11, 2025",7:00 PM,Sat,Coastal Carolina,23,,Louisiana-Monroe,8,
8,"Oct 11, 2025",3:30 PM,Sat,Colorado,24,,Iowa State,17,
8,"Oct 11, 2025",1:00 PM,Sat,Eastern Michigan,16,,Northern Illinois,10,
8,"Oct 11, 2025",6:00 PM,Sat,Florida Atlantic,53,,Alabama-Birmingham,33,
8,"Oct 11, 2025",7:30 PM,Sat,Georgia,20,@,Auburn,10,
8,"Oct 11, 2025",3:30 PM,Sat,Georgia Tech,35,,Virginia Tech,20,
8,"Oct 11, 2025",12:00 PM,Sat,Houston,39,@,Oklahoma State,17,
8,"Oct 11, 2025",3:30 PM,Sat,Indiana,30,@,Oregon,20,
8,"Oct 11, 2025",7:00 PM,Sat,Iowa,37,@,Wisconsin,0,
8,"Oct 11, 2025",12:00 PM,Sat,James Madison,24,,Louisiana,14,
8,"Oct 11, 2025",3:30 PM,Sat,Kansas State,41,,Texas Christian,28,
8,"Oct 11, 2025",2:30 PM,Sat,Kent State,42,,Massachusetts,6,
8,"Oct 11, 2025",7:45 PM,Sat,Louisiana State,20,,South Carolina,10,
8,"Oct 11, 2025",3:30 PM,Sat,Marshall,48,,Old Dominion,24,
8,"Oct 11, 2025",12:00 PM,Sat,Miami (OH),20,@,Akron,7,
8,"Oct 11, 2025",7:30 PM,Sat,Minnesota,27,,Purdue,20,
8,"Oct 11, 2025",12:45 PM,Sat,Mississippi,24,,Washington State,21,
8,"Oct 11, 2025",4:00 PM,Sat,Navy,32,@,Temple,31,
8,"Oct 11, 2025",3:30 PM,Sat,Nebraska,34,@,Maryland,31,
8,"Oct 11, 2025",3:30 PM,Sat,Nevada-Las Vegas,51,,Air Force,48,
8,"Oct 11, 2025",3:30 PM,Sat,Northwestern,22,@,Penn State,21,
8,"Oct 11, 2025",3:30 PM,Sat,Notre Dame,36,,North Carolina State,7,
8,"Oct 11, 2025",12:00 PM,Sat,Ohio State,34,@,Illinois,16,
8,"Oct 11, 2025",12:00 PM,Sat,Pittsburgh,34,@,Florida State,31,
8,"Oct 11, 2025",10:30 PM,Sat,San Diego State,44,@,Nevada,10,
8,"Oct 11, 2025",7:30 PM,Sat,Southern California,31,,Michigan,13,
8,"Oct 11, 2025",12:00 PM,Sat,Southern Methodist,34,,Stanford,10,
8,"Oct 11, 2025",4:15 PM,Sat,Tennessee,34,,Arkansas,31,
8,"Oct 11, 2025",3:30 PM,Sat,Texas,23,N,Oklahoma,6,
8,"Oct 11, 2025",7:00 PM,Sat,Texas A&M,34,,Florida,17,
8,"Oct 11, 2025",7:30 PM,Sat,Texas Tech,42,,Kansas,17,
8,"Oct 11, 2025",7:30 PM,Sat,Texas-San Antonio,61,,Rice,13,
8,"Oct 11, 2025",8:00 PM,Sat,Troy,48,@,Texas State,41,
8,"Oct 11, 2025",12:00 PM,Sat,UCLA,38,@,Michigan State,13,
8,"Oct 11, 2025",10:15 PM,Sat,Utah,42,,Arizona State,10,
8,"Oct 11, 2025",3:30 PM,Sat,Wake Forest,39,@,Oregon State,14,
8,"Oct 11, 2025",3:30 PM,Sat,Western Michigan,42,,Ball State,0,
8,"Oct 11, 2025",7:00 PM,Sat,Wyoming,35,,San Jose State,28,
8,"Oct 12, 2025",12:00 AM,Sun,Hawaii,44,,Utah State,26,
9,"Oct 14, 2025",7:30 PM,Tue,Arkansas State,15,@,South Alabama,14,
9,"Oct 14, 2025",8:00 PM,Tue,Florida International,25,@,Western Kentucky,6,
9,"Oct 14, 2025",7:00 PM,Tue,Liberty,30,,New Mexico State,27,
9,"Oct 15, 2025",7:00 PM,Wed,Jacksonville State,38,,Delaware,25,
9,"Oct 15, 2025",7:00 PM,Wed,Texas-El Paso,35,@,Sam Houston,17,
9,"Oct 16, 2025",7:00 PM,Thu,East Carolina,41,,Tulsa,27,
9,"Oct 17, 2025",10:30 PM,Fri,California,21,,North Carolina,18,
9,"Oct 17, 2025",7:00 PM,Fri,Louisville,24,@,Miami (FL),21,
9,"Oct 17, 2025",8:00 PM,Fri,Minnesota,24,,Nebraska,6,
9,"Oct 17, 2025",9:00 PM,Fri,Utah State,30,,San Jose State,25,
9,"Oct 18, 2025",3:30 PM,Sat,Air Force,24,,Wyoming,21,
9,"Oct 18, 2025",7:30 PM,Sat,Alabama,37,,Tennessee,20,
9,"Oct 18, 2025",4:00 PM,Sat,Alabama-Birmingham,31,,Memphis,24,
9,"Oct 18, 2025",4:00 PM,Sat,Arizona State,26,,Texas Tech,22,
9,"Oct 18, 2025",3:30 PM,Sat,Ball State,42,,Akron,28,
9,"Oct 18, 2025",3:30 PM,Sat,Boise State,56,,Nevada-Las Vegas,31,
9,"Oct 18, 2025",8:00 PM,Sat,Brigham Young,24,,Utah,21,
9,"Oct 18, 2025",2:30 PM,Sat,Buffalo,28,@,Massachusetts,21,
9,"Oct 18, 2025",1:00 PM,Sat,Central Florida,45,,West Virginia,13,
9,"Oct 18, 2025",12:00 PM,Sat,Central Michigan,27,@,Bowling Green,6,
9,"Oct 18, 2025",8:00 PM,Sat,Cincinnati,49,@,Oklahoma State,17,
9,"Oct 18, 2025",3:30 PM,Sat,Coastal Carolina,45,@,Appalachian State,37,
9,"Oct 18, 2025",12:00 PM,Sat,Connecticut,38,@,Boston College,23,
9,"Oct 18, 2025",4:15 PM,Sat,Florida,23,,Mississippi State,21,
9,"Oct 18, 2025",3:30 PM,Sat,Georgia,43,,Mississippi,35,
9,"Oct 18, 2025",7:00 PM,Sat,Georgia Southern,41,,Georgia State,24,
9,"Oct 18, 2025",12:00 PM,Sat,Georgia Tech,27,@,Duke,18,
9,"Oct 18, 2025",7:00 PM,Sat,Hawaii,31,@,Colorado State,19,
9,"Oct 18, 2025",12:00 PM,Sat,Houston,31,,Arizona,28,
9,"Oct 18, 2025",3:30 PM,Sat,Indiana,38,,Michigan State,13,
9,"Oct 18, 2025",7:00 PM,Sat,Iowa,25,,Penn State,24,
9,"Oct 18, 2025",3:30 PM,Sat,James Madison,63,,Old Dominion,27,
9,"Oct 18, 2025",3:30 PM,Sat,Marshall,40,,Texas State,37,
9,"Oct 18, 2025",12:00 PM,Sat,Miami (OH),44,,Eastern Michigan,30,
9,"Oct 18, 2025",12:00 PM,Sat,Michigan,24,,Washington,7,
9,"Oct 18, 2025",7:45 PM,Sat,Missouri,23,@,Auburn,17,
9,"Oct 18, 2025",9:45 PM,Sat,New Mexico,24,,Nevada,22,
9,"Oct 18, 2025",3:30 PM,Sat,North Texas,55,,Texas-San Antonio,17,
9,"Oct 18, 2025",3:00 PM,Sat,Northwestern,19,,Purdue,0,
9,"Oct 18, 2025",7:30 PM,Sat,Notre Dame,34,,Southern California,24,
9,"Oct 18, 2025",3:30 PM,Sat,Ohio,48,,Northern Illinois,21,
9,"Oct 18, 2025",3:30 PM,Sat,Ohio State,34,@,Wisconsin,0,
9,"Oct 18, 2025",12:45 PM,Sat,Oklahoma,26,@,South Carolina,7,
9,"Oct 18, 2025",6:30 PM,Sat,Oregon,56,@,Rutgers,10,
9,"Oct 18, 2025",10:00 PM,Sat,Oregon State,45,,Lafayette,13,
9,"Oct 18, 2025",7:30 PM,Sat,Pittsburgh,30,@,Syracuse,13,
9,"Oct 18, 2025",7:30 PM,Sat,South Florida,48,,Florida Atlantic,13,
9,"Oct 18, 2025",3:30 PM,Sat,Southern Methodist,35,@,Clemson,24,
9,"Oct 18, 2025",5:00 PM,Sat,Southern Mississippi,22,@,Louisiana,10,
9,"Oct 18, 2025",10:30 PM,Sat,Stanford,20,,Florida State,13,
9,"Oct 18, 2025",3:30 PM,Sat,Temple,49,@,Charlotte,14,
9,"Oct 18, 2025",7:00 PM,Sat,Texas,16,@,Kentucky,13,
9,"Oct 18, 2025",3:30 PM,Sat,Texas A&M,45,@,Arkansas,42,
9,"Oct 18, 2025",12:00 PM,Sat,Texas Christian,42,,Baylor,36,
9,"Oct 18, 2025",2:00 PM,Sat,Toledo,45,,Kent State,10,
9,"Oct 18, 2025",3:00 PM,Sat,Troy,37,@,Louisiana-Monroe,14,
9,"Oct 18, 2025",12:00 PM,Sat,Tulane,24,,Army,17,
9,"Oct 18, 2025",7:00 PM,Sat,UCLA,20,,Maryland,17,
9,"Oct 18, 2025",12:00 PM,Sat,Vanderbilt,31,,Louisiana State,24,
9,"Oct 18, 2025",6:30 PM,Sat,Virginia,22,,Washington State,20,
10,"Oct 21, 2025",7:00 PM,Tue,Kennesaw State,45,@,Florida International,26,
10,"Oct 21, 2025",7:30 PM,Tue,Western Kentucky,28,@,Louisiana Tech,27,
10,"Oct 22, 2025",7:30 PM,Wed,Delaware,31,,Middle Tennessee State,28,
10,"Oct 22, 2025",9:00 PM,Wed,Missouri State,24,@,New Mexico State,17,
10,"Oct 23, 2025",7:30 PM,Thu,South Alabama,38,@,Georgia State,31,
10,"Oct 24, 2025",10:00 PM,Fri,Boise State,24,@,Nevada,3,
10,"Oct 24, 2025",7:00 PM,Fri,North Texas,54,@,Charlotte,20,
10,"Oct 24, 2025",7:30 PM,Fri,Virginia Tech,42,,California,34,
10,"Oct 25, 2025",1:00 PM,Sat,Akron,24,@,Buffalo,16,
10,"Oct 25, 2025",3:30 PM,Sat,Alabama,29,@,South Carolina,22,
10,"Oct 25, 2025",7:00 PM,Sat,Arkansas State,34,,Georgia Southern,24,
10,"Oct 25, 2025",12:45 PM,Sat,Auburn,33,@,Arkansas,24,
10,"Oct 25, 2025",3:30 PM,Sat,Brigham Young,41,@,Iowa State,27,
10,"Oct 25, 2025",3:30 PM,Sat,Central Michigan,38,,Massachusetts,13,
10,"Oct 25, 2025",4:00 PM,Sat,Cincinnati,41,,Baylor,20,
10,"Oct 25, 2025",12:00 PM,Sat,Georgia Tech,41,,Syracuse,16,
10,"Oct 25, 2025",8:00 PM,Sat,Houston,24,@,Arizona State,16,
10,"Oct 25, 2025",12:00 PM,Sat,Indiana,56,,UCLA,6,
10,"Oct 25, 2025",3:30 PM,Sat,Iowa,41,,Minnesota,3,
10,"Oct 25, 2025",12:00 PM,Sat,Kansas State,42,@,Kansas,17,
10,"Oct 25, 2025",12:00 PM,Sat,Kent State,24,,Bowling Green,21,
10,"Oct 25, 2025",7:30 PM,Sat,Louisville,38,,Boston College,24,
10,"Oct 25, 2025",12:00 PM,Sat,Memphis,34,,South Florida,31,
10,"Oct 25, 2025",7:00 PM,Sat,Miami (FL),42,,Stanford,7,
10,"Oct 25, 2025",3:30 PM,Sat,Miami (OH),26,,Western Michigan,17,
10,"Oct 25, 2025",7:30 PM,Sat,Michigan,31,@,Michigan State,20,
10,"Oct 25, 2025",12:00 PM,Sat,Mississippi,34,@,Oklahoma,26,
10,"Oct 25, 2025",3:30 PM,Sat,Navy,42,,Florida Atlantic,32,
10,"Oct 25, 2025",12:00 PM,Sat,Nebraska,28,,Northwestern,21,
10,"Oct 25, 2025",3:00 PM,Sat,New Mexico,33,,Utah State,14,
10,"Oct 25, 2025",3:30 PM,Sat,Northern Illinois,21,,Ball State,7,
10,"Oct 25, 2025",12:00 PM,Sat,Ohio,28,@,Eastern Michigan,21,
10,"Oct 25, 2025",12:00 PM,Sat,Old Dominion,24,,Appalachian State,21,
10,"Oct 25, 2025",7:00 PM,Sat,Oregon,21,,Wisconsin,7,
10,"Oct 25, 2025",3:30 PM,Sat,Pittsburgh,53,,North Carolina State,34,
10,"Oct 25, 2025",3:00 PM,Sat,Rice,37,,Connecticut,34,
10,"Oct 25, 2025",12:00 PM,Sat,Rutgers,27,@,Purdue,24,
10,"Oct 25, 2025",3:30 PM,Sat,San Diego State,23,@,Fresno State,0,
10,"Oct 25, 2025",3:30 PM,Sat,Southern Mississippi,49,,Louisiana-Monroe,21,
10,"Oct 25, 2025",3:30 PM,Sat,Temple,38,@,Tulsa,37,
10,"Oct 25, 2025",7:45 PM,Sat,Tennessee,56,@,Kentucky,34,
10,"Oct 25, 2025",4:15 PM,Sat,Texas,45,@,Mississippi State,38,
10,"Oct 25, 2025",7:30 PM,Sat,Texas A&M,49,@,Louisiana State,25,
10,"Oct 25, 2025",6:00 PM,Sat,Texas Christian,23,@,West Virginia,17,
10,"Oct 25, 2025",4:00 PM,Sat,Texas Tech,42,,Oklahoma State,0,
10,"Oct 25, 2025",7:00 PM,Sat,Troy,35,,Louisiana,23,
10,"Oct 25, 2025",10:15 PM,Sat,Utah,53,,Colorado,7,
10,"Oct 25, 2025",3:30 PM,Sat,Vanderbilt,17,,Missouri,10,
10,"Oct 25, 2025",12:00 PM,Sat,Virginia,17,@,North Carolina,16,
10,"Oct 25, 2025",12:00 PM,Sat,Wake Forest,13,,Southern Methodist,12,
10,"Oct 25, 2025",3:30 PM,Sat,Washington,42,,Illinois,25,
10,"Oct 25, 2025",3:30 PM,Sat,Washington State,28,,Toledo,7,
10,"Oct 25, 2025",7:30 PM,Sat,Wyoming,28,,Colorado State,0,
11,"Oct 28, 2025",8:00 PM,Tue,James Madison,52,@,Texas State,20,
11,"Oct 28, 2025",8:00 PM,Tue,Kennesaw State,33,,Texas-El Paso,20,
11,"Oct 29, 2025",7:30 PM,Wed,Jacksonville State,24,@,Middle Tennessee State,21,
11,"Oct 29, 2025",8:00 PM,Wed,Missouri State,28,,Florida International,21,
11,"Oct 30, 2025",7:30 PM,Thu,Coastal Carolina,44,,Marshall,27,
11,"Oct 30, 2025",7:30 PM,Thu,Texas-San Antonio,48,,Tulane,26,
11,"Oct 31, 2025",8:00 PM,Fri,Louisiana Tech,55,,Sam Houston,14,
11,"Oct 31, 2025",7:00 PM,Fri,Memphis,38,@,Rice,14,
11,"Oct 31, 2025",7:30 PM,Fri,North Carolina,27,@,Syracuse,10,
11,"Nov 1, 2025",7:00 PM,Sat,Arizona,52,@,Colorado,17,
11,"Nov 1, 2025",1:00 PM,Sat,Arizona State,24,@,Iowa State,19,
11,"Nov 1, 2025",8:00 PM,Sat,Arkansas State,23,@,Troy,10,
11,"Nov 1, 2025",12:00 PM,Sat,Army,20,@,Air Force,17,
11,"Nov 1, 2025",12:00 PM,Sat,Baylor,30,,Central Florida,3,
11,"Nov 1, 2025",12:00 PM,Sat,Buffalo,28,@,Bowling Green,3,
11,"Nov 1, 2025",12:00 PM,Sat,Connecticut,38,,Alabama-Birmingham,19,
11,"Nov 1, 2025",12:00 PM,Sat,Duke,46,@,Clemson,45,
11,"Nov 1, 2025",2:00 PM,Sat,East Carolina,45,@,Temple,14,
11,"Nov 1, 2025",7:30 PM,Sat,Florida State,42,,Wake Forest,7,
11,"Nov 1, 2025",3:30 PM,Sat,Fresno State,30,@,Boise State,7,
11,"Nov 1, 2025",3:30 PM,Sat,Georgia,24,N,Florida,20,
11,"Nov 1, 2025",12:00 PM,Sat,Illinois,35,,Rutgers,13,
11,"Nov 1, 2025",3:30 PM,Sat,Indiana,55,@,Maryland,10,
11,"Nov 1, 2025",4:00 PM,Sat,Kansas,38,,Oklahoma State,21,
11,"Nov 1, 2025",7:30 PM,Sat,Kentucky,10,@,Auburn,3,
11,"Nov 1, 2025",3:30 PM,Sat,Liberty,59,,Delaware,30,
11,"Nov 1, 2025",3:30 PM,Sat,Louisiana,31,@,South Alabama,22,
11,"Nov 1, 2025",3:00 PM,Sat,Louisville,28,@,Virginia Tech,16,
11,"Nov 1, 2025",7:00 PM,Sat,Michigan,21,,Purdue,16,
11,"Nov 1, 2025",3:30 PM,Sat,Minnesota,23,,Michigan State,20,
11,"Nov 1, 2025",7:00 PM,Sat,Mississippi,30,,South Carolina,14,
11,"Nov 1, 2025",4:00 PM,Sat,Mississippi State,38,@,Arkansas,35,
11,"Nov 1, 2025",3:00 PM,Sat,New Mexico,40,@,Nevada-Las Vegas,35,
11,"Nov 1, 2025",7:30 PM,Sat,North Carolina State,48,,Georgia Tech,36,
11,"Nov 1, 2025",12:00 PM,Sat,North Texas,31,,Navy,17,
11,"Nov 1, 2025",3:30 PM,Sat,Notre Dame,25,@,Boston College,10,
11,"Nov 1, 2025",12:00 PM,Sat,Ohio State,38,,Penn State,14,
11,"Nov 1, 2025",7:30 PM,Sat,Oklahoma,33,@,Tennessee,27,
11,"Nov 1, 2025",3:30 PM,Sat,Old Dominion,31,@,Louisiana-Monroe,6,
11,"Nov 1, 2025",7:30 PM,Sat,Oregon State,10,,Washington State,7,
11,"Nov 1, 2025",3:30 PM,Sat,Pittsburgh,35,@,Stanford,20,
11,"Nov 1, 2025",7:00 PM,Sat,San Diego State,24,,Wyoming,7,
11,"Nov 1, 2025",10:30 PM,Sat,San Jose State,45,,Hawaii,38,
11,"Nov 1, 2025",7:30 PM,Sat,Southern California,21,@,Nebraska,17,
11,"Nov 1, 2025",12:00 PM,Sat,Southern Methodist,26,,Miami (FL),20,
11,"Nov 1, 2025",12:00 PM,Sat,Texas,34,,Vanderbilt,31,
11,"Nov 1, 2025",3:30 PM,Sat,Texas Tech,43,@,Kansas State,20,
11,"Nov 1, 2025",10:15 PM,Sat,Utah,45,,Cincinnati,14,
11,"Nov 1, 2025",3:45 PM,Sat,Virginia,31,@,California,21,
11,"Nov 1, 2025",12:00 PM,Sat,West Virginia,45,@,Houston,35,
11,"Nov 1, 2025",3:30 PM,Sat,Western Kentucky,35,,New Mexico State,16,
11,"Nov 1, 2025",4:00 PM,Sat,Western Michigan,24,,Central Michigan,21,
12,"Nov 4, 2025",7:00 PM,Tue,Akron,44,,Massachusetts,10,
12,"Nov 4, 2025",7:00 PM,Tue,Ohio,24,,Miami (OH),20,
12,"Nov 5, 2025",7:00 PM,Wed,Ball State,17,,Kent State,13,
12,"Nov 5, 2025",7:00 PM,Wed,Toledo,42,,Northern Illinois,3,
12,"Nov 6, 2025",7:30 PM,Thu,Georgia Southern,25,@,Appalachian State,23,
12,"Nov 6, 2025",7:30 PM,Thu,South Florida,55,,Texas-San Antonio,23,
12,"Nov 7, 2025",8:00 PM,Fri,Houston,30,@,Central Florida,27,
12,"Nov 7, 2025",9:00 PM,Fri,Southern California,38,,Northwestern,17,
12,"Nov 7, 2025",9:00 PM,Fri,Tulane,38,@,Memphis,32,
12,"Nov 8, 2025",6:00 PM,Sat,Air Force,26,@,San Jose State,16,
12,"Nov 8, 2025",7:30 PM,Sat,Alabama,20,,Louisiana State,9,
12,"Nov 8, 2025",3:30 PM,Sat,Arizona,24,,Kansas,20,
12,"Nov 8, 2025",12:00 PM,Sat,Army,14,,Temple,13,
12,"Nov 8, 2025",7:00 PM,Sat,California,29,@,Louisville,26,
12,"Nov 8, 2025",7:00 PM,Sat,Clemson,24,,Florida State,10,
12,"Nov 8, 2025",4:00 PM,Sat,Coastal Carolina,40,,Georgia State,27,
12,"Nov 8, 2025",3:30 PM,Sat,Connecticut,37,,Duke,34,
12,"Nov 8, 2025",3:00 PM,Sat,Delaware,25,,Louisiana Tech,24,
12,"Nov 8, 2025",3:00 PM,Sat,East Carolina,48,,Charlotte,22,
12,"Nov 8, 2025",1:00 PM,Sat,Eastern Michigan,27,,Bowling Green,21,
12,"Nov 8, 2025",3:00 PM,Sat,Florida Atlantic,40,,Tulsa,21,
12,"Nov 8, 2025",3:00 PM,Sat,Florida International,56,@,Middle Tennessee State,30,
12,"Nov 8, 2025",12:00 PM,Sat,Georgia,41,@,Mississippi State,21,
12,"Nov 8, 2025",11:00 PM,Sat,Hawaii,38,,San Diego State,6,
12,"Nov 8, 2025",12:00 PM,Sat,Indiana,27,@,Penn State,24,
12,"Nov 8, 2025",3:30 PM,Sat,Iowa State,20,@,Texas Christian,17,
12,"Nov 8, 2025",3:00 PM,Sat,Jacksonville State,30,@,Texas-El Paso,27,
12,"Nov 8, 2025",12:00 PM,Sat,James Madison,35,@,Marshall,23,
12,"Nov 8, 2025",4:00 PM,Sat,Kennesaw State,24,@,New Mexico State,21,
12,"Nov 8, 2025",7:30 PM,Sat,Kentucky,38,,Florida,7,
12,"Nov 8, 2025",5:00 PM,Sat,Louisiana,42,,Texas State,39,
12,"Nov 8, 2025",3:30 PM,Sat,Miami (FL),38,,Syracuse,10,
12,"Nov 8, 2025",1:00 PM,Sat,Mississippi,49,,Citadel,0,
12,"Nov 8, 2025",1:00 PM,Sat,Missouri State,21,@,Liberty,17,
12,"Nov 8, 2025",9:00 PM,Sat,Nebraska,28,@,UCLA,21,
12,"Nov 8, 2025",9:30 PM,Sat,Nevada-Las Vegas,42,@,Colorado State,10,
12,"Nov 8, 2025",4:30 PM,Sat,North Carolina,20,,Stanford,15,
12,"Nov 8, 2025",7:30 PM,Sat,Notre Dame,49,,Navy,10,
12,"Nov 8, 2025",1:00 PM,Sat,Ohio State,34,@,Purdue,10,
12,"Nov 8, 2025",3:40 PM,Sat,Oregon,18,@,Iowa,16,
12,"Nov 8, 2025",2:00 PM,Sat,Rice,24,,Alabama-Birmingham,17,
12,"Nov 8, 2025",2:30 PM,Sat,Rutgers,35,,Maryland,20,
12,"Nov 8, 2025",10:00 PM,Sat,Sam Houston,21,@,Oregon State,17,
12,"Nov 8, 2025",12:00 PM,Sat,Southern Methodist,45,@,Boston College,13,
12,"Nov 8, 2025",12:00 PM,Sat,Southern Mississippi,27,@,Arkansas State,21,
12,"Nov 8, 2025",3:30 PM,Sat,Texas A&M,38,@,Missouri,17,
12,"Nov 8, 2025",12:00 PM,Sat,Texas Tech,29,,Brigham Young,7,
12,"Nov 8, 2025",7:30 PM,Sat,Utah State,51,,Nevada,14,
12,"Nov 8, 2025",4:00 PM,Sat,Vanderbilt,45,,Auburn,38,
12,"Nov 8, 2025",7:00 PM,Sat,Wake Forest,16,@,Virginia,9,
12,"Nov 8, 2025",12:00 PM,Sat,West Virginia,29,,Colorado,22,
12,"Nov 8, 2025",3:30 PM,Sat,Wisconsin,13,,Washington,10,
13,"Nov 11, 2025",7:30 PM,Tue,Kent State,42,@,Akron,35,
13,"Nov 11, 2025",8:00 PM,Tue,Western Michigan,17,,Ohio,13,
13,"Nov 12, 2025",7:00 PM,Wed,Central Michigan,38,,Buffalo,19,
13,"Nov 12, 2025",7:00 PM,Wed,Northern Illinois,45,@,Massachusetts,3,
13,"Nov 12, 2025",7:00 PM,Wed,Toledo,24,@,Miami (OH),3,
13,"Nov 13, 2025",7:30 PM,Thu,Old Dominion,33,,Troy,0,
13,"Nov 14, 2025",7:30 PM,Fri,Clemson,20,@,Louisville,19,
13,"Nov 14, 2025",9:00 PM,Fri,Oregon,42,,Minnesota,13,
13,"Nov 15, 2025",12:00 PM,Sat,Arizona,30,@,Cincinnati,24,
13,"Nov 15, 2025",1:00 PM,Sat,Arizona State,25,,West Virginia,23,
13,"Nov 15, 2025",10:15 PM,Sat,Brigham Young,44,,Texas Christian,13,
13,"Nov 15, 2025",12:00 PM,Sat,Connecticut,26,,Air Force,16,
13,"Nov 15, 2025",4:00 PM,Sat,East Carolina,31,,Memphis,27,
13,"Nov 15, 2025",12:00 PM,Sat,Eastern Michigan,24,@,Ball State,9,
13,"Nov 15, 2025",5:00 PM,Sat,Florida International,34,,Liberty,27,
13,"Nov 15, 2025",7:30 PM,Sat,Florida State,34,,Virginia Tech,14,
13,"Nov 15, 2025",10:30 PM,Sat,Fresno State,24,,Wyoming,3,
13,"Nov 15, 2025",7:30 PM,Sat,Georgia,35,,Texas,10,
13,"Nov 15, 2025",6:00 PM,Sat,Georgia Southern,45,,Coastal Carolina,40,
13,"Nov 15, 2025",3:30 PM,Sat,Georgia Tech,36,@,Boston College,34,
13,"Nov 15, 2025",3:30 PM,Sat,Illinois,24,,Maryland,6,
13,"Nov 15, 2025",12:00 PM,Sat,Indiana,31,,Wisconsin,7,
13,"Nov 15, 2025",8:00 PM,Sat,Jacksonville State,35,,Kennesaw State,26,
13,"Nov 15, 2025",3:30 PM,Sat,James Madison,58,,Appalachian State,10,
13,"Nov 15, 2025",12:00 PM,Sat,Kansas State,14,@,Oklahoma State,6,
13,"Nov 15, 2025",1:30 PM,Sat,Kentucky,42,,Tennessee Tech,10,
13,"Nov 15, 2025",12:45 PM,Sat,Louisiana State,23,,Arkansas,22,
13,"Nov 15, 2025",2:00 PM,Sat,Marshall,30,@,Georgia State,18,
13,"Nov 15, 2025",3:30 PM,Sat,Miami (FL),41,,North Carolina State,7,
13,"Nov 15, 2025",12:00 PM,Sat,Michigan,24,@,Northwestern,22,
13,"Nov 15, 2025",7:00 PM,Sat,Mississippi,34,,Florida,24,
13,"Nov 15, 2025",7:45 PM,Sat,Missouri,49,,Mississippi State,27,
13,"Nov 15, 2025",3:00 PM,Sat,Missouri State,38,,Texas-El Paso,24,
13,"Nov 15, 2025",12:00 PM,Sat,Navy,41,,South Florida,38,
13,"Nov 15, 2025",3:30 PM,Sat,Nevada,55,,San Jose State,10,
13,"Nov 15, 2025",7:00 PM,Sat,Nevada-Las Vegas,29,,Utah State,26,
13,"Nov 15, 2025",3:00 PM,Sat,New Mexico,20,,Colorado State,17,
13,"Nov 15, 2025",2:00 PM,Sat,North Texas,53,@,Alabama-Birmingham,24,
13,"Nov 15, 2025",12:00 PM,Sat,Notre Dame,37,@,Pittsburgh,15,
13,"Nov 15, 2025",7:30 PM,Sat,Ohio State,48,,UCLA,10,
13,"Nov 15, 2025",3:30 PM,Sat,Oklahoma,23,@,Alabama,21,
13,"Nov 15, 2025",3:30 PM,Sat,Penn State,28,@,Michigan State,10,
13,"Nov 15, 2025",7:00 PM,Sat,Sam Houston,26,,Delaware,23,
13,"Nov 15, 2025",10:30 PM,Sat,San Diego State,17,,Boise State,7,
13,"Nov 15, 2025",3:30 PM,Sat,South Alabama,26,@,Louisiana-Monroe,14,
13,"Nov 15, 2025",3:30 PM,Sat,Southern California,26,,Iowa,21,
13,"Nov 15, 2025",4:15 PM,Sat,Tennessee,42,,New Mexico State,9,
13,"Nov 15, 2025",12:00 PM,Sat,Texas A&M,31,,South Carolina,30,
13,"Nov 15, 2025",3:30 PM,Sat,Texas State,41,@,Southern Mississippi,14,
13,"Nov 15, 2025",3:30 PM,Sat,Texas Tech,48,,Central Florida,9,
13,"Nov 15, 2025",12:00 PM,Sat,Texas-San Antonio,28,@,Charlotte,7,
13,"Nov 15, 2025",4:00 PM,Sat,Tulane,35,,Florida Atlantic,24,
13,"Nov 15, 2025",1:00 PM,Sat,Tulsa,31,,Oregon State,14,
13,"Nov 15, 2025",7:00 PM,Sat,Utah,55,@,Baylor,28,
13,"Nov 15, 2025",3:30 PM,Sat,Virginia,34,@,Duke,17,
13,"Nov 15, 2025",4:30 PM,Sat,Wake Forest,28,,North Carolina,12,
13,"Nov 15, 2025",7:00 PM,Sat,Washington,49,,Purdue,13,
13,"Nov 15, 2025",10:00 PM,Sat,Washington State,28,,Louisiana Tech,3,
13,"Nov 15, 2025",3:30 PM,Sat,Western Kentucky,42,,Middle Tennessee State,26,
14,"Nov 18, 2025",7:00 PM,Tue,Akron,19,@,Bowling Green,16,
14,"Nov 18, 2025",7:00 PM,Tue,Ohio,42,,Massachusetts,14,
14,"Nov 18, 2025",7:00 PM,Tue,Western Michigan,35,@,Northern Illinois,19,
14,"Nov 19, 2025",7:00 PM,Wed,Central Michigan,28,@,Kent State,16,
14,"Nov 19, 2025",7:00 PM,Wed,Miami (OH),37,@,Buffalo,20,
14,"Nov 20, 2025",7:30 PM,Thu,Louisiana,34,@,Arkansas State,30,
14,"Nov 21, 2025",10:30 PM,Fri,Nevada-Las Vegas,38,,Hawaii,10,
14,"Nov 21, 2025",8:00 PM,Fri,North Carolina State,21,,Florida State,11,
14,"Nov 22, 2025",2:00 PM,Sat,Alabama,56,,Eastern Illinois,0,
14,"Nov 22, 2025",2:30 PM,Sat,Appalachian State,26,,Marshall,24,
14,"Nov 22, 2025",1:00 PM,Sat,Arizona,41,,Baylor,17,
14,"Nov 22, 2025",8:00 PM,Sat,Arizona State,42,@,Colorado,17,
14,"Nov 22, 2025",2:00 PM,Sat,Auburn,62,,Mercer,17,
14,"Nov 22, 2025",7:00 PM,Sat,Boise State,49,,Colorado State,21,
14,"Nov 22, 2025",8:00 PM,Sat,Brigham Young,26,@,Cincinnati,14,
14,"Nov 22, 2025",4:00 PM,Sat,Central Florida,17,,Oklahoma State,14,
14,"Nov 22, 2025",4:30 PM,Sat,Clemson,45,,Furman,10,
14,"Nov 22, 2025",3:00 PM,Sat,Connecticut,48,@,Florida Atlantic,45,
14,"Nov 22, 2025",3:30 PM,Sat,Duke,32,@,North Carolina,25,
14,"Nov 22, 2025",3:30 PM,Sat,Florida International,27,,Jacksonville State,21,
14,"Nov 22, 2025",12:45 PM,Sat,Georgia,35,,Charlotte,3,
14,"Nov 22, 2025",3:35 PM,Sat,Iowa,20,,Michigan State,17,
14,"Nov 22, 2025",12:00 PM,Sat,Iowa State,38,,Kansas,14,
14,"Nov 22, 2025",1:00 PM,Sat,James Madison,24,,Washington State,20,
14,"Nov 22, 2025",2:00 PM,Sat,Kennesaw State,41,,Missouri State,34,
14,"Nov 22, 2025",7:45 PM,Sat,Louisiana State,13,,Western Kentucky,10,
14,"Nov 22, 2025",3:00 PM,Sat,Louisiana Tech,34,,Liberty,28,
14,"Nov 22, 2025",12:00 PM,Sat,Miami (FL),34,@,Virginia Tech,17,
14,"Nov 22, 2025",4:00 PM,Sat,Michigan,45,@,Maryland,20,
14,"Nov 22, 2025",3:00 PM,Sat,Middle Tennessee State,31,,Sam Houston,17,
14,"Nov 22, 2025",2:00 PM,Sat,Nevada,13,@,Wyoming,7,
14,"Nov 22, 2025",7:00 PM,Sat,New Mexico,20,@,Air Force,3,
14,"Nov 22, 2025",3:00 PM,Sat,New Mexico State,34,@,Texas-El Paso,31,
14,"Nov 22, 2025",7:30 PM,Sat,North Texas,56,@,Rice,24,
14,"Nov 22, 2025",12:00 PM,Sat,Northwestern,38,,Minnesota,35,
14,"Nov 22, 2025",3:30 PM,Sat,Notre Dame,70,,Syracuse,7,
14,"Nov 22, 2025",12:00 PM,Sat,Ohio State,42,,Rutgers,9,
14,"Nov 22, 2025",12:00 PM,Sat,Oklahoma,17,,Missouri,6,
14,"Nov 22, 2025",1:00 PM,Sat,Old Dominion,45,@,Georgia Southern,10,
14,"Nov 22, 2025",3:30 PM,Sat,Oregon,42,,Southern California,27,
14,"Nov 22, 2025",7:00 PM,Sat,Penn State,37,,Nebraska,10,
14,"Nov 22, 2025",7:00 PM,Sat,Pittsburgh,42,@,Georgia Tech,28,
14,"Nov 22, 2025",10:30 PM,Sat,San Diego State,25,,San Jose State,3,
14,"Nov 22, 2025",3:30 PM,Sat,South Alabama,42,,Southern Mississippi,35,
14,"Nov 22, 2025",4:15 PM,Sat,South Carolina,51,,Coastal Carolina,7,
14,"Nov 22, 2025",3:00 PM,Sat,South Florida,48,@,Alabama-Birmingham,18,
14,"Nov 22, 2025",12:00 PM,Sat,Southern Methodist,38,,Louisville,6,
14,"Nov 22, 2025",7:30 PM,Sat,Stanford,31,,California,10,
14,"Nov 22, 2025",7:30 PM,Sat,Tennessee,31,@,Florida,11,
14,"Nov 22, 2025",3:30 PM,Sat,Texas,52,,Arkansas,37,
14,"Nov 22, 2025",12:00 PM,Sat,Texas A&M,48,,Samford,0,
14,"Nov 22, 2025",4:00 PM,Sat,Texas Christian,17,@,Houston,14,
14,"Nov 22, 2025",5:00 PM,Sat,Texas State,31,,Louisiana-Monroe,14,
14,"Nov 22, 2025",3:30 PM,Sat,Texas-San Antonio,58,,East Carolina,24,
14,"Nov 22, 2025",2:00 PM,Sat,Toledo,38,,Ball State,9,
14,"Nov 22, 2025",4:00 PM,Sat,Troy,31,,Georgia State,19,
14,"Nov 22, 2025",3:45 PM,Sat,Tulane,37,@,Temple,13,
14,"Nov 22, 2025",12:00 PM,Sat,Tulsa,26,@,Army,25,
14,"Nov 22, 2025",4:00 PM,Sat,Utah,51,,Kansas State,47,
14,"Nov 22, 2025",10:30 PM,Sat,Utah State,28,@,Fresno State,17,
14,"Nov 22, 2025",3:30 PM,Sat,Vanderbilt,45,,Kentucky,17,
14,"Nov 22, 2025",12:00 PM,Sat,Wake Forest,52,,Delaware,14,
14,"Nov 22, 2025",10:30 PM,Sat,Washington,48,@,UCLA,14,
14,"Nov 22, 2025",7:30 PM,Sat,Wisconsin,27,,Illinois,10,
15,"Nov 25, 2025",4:30 PM,Tue,Bowling Green,45,@,Massachusetts,14,
15,"Nov 25, 2025",7:30 PM,Tue,Western Michigan,31,@,Eastern Michigan,21,
15,"Nov 27, 2025",7:30 PM,Thu,Navy,28,@,Memphis,17,
15,"Nov 28, 2025",3:00 PM,Fri,Air Force,42,@,Colorado State,21,
15,"Nov 28, 2025",9:00 PM,Fri,Arizona,23,@,Arizona State,7,
15,"Nov 28, 2025",4:00 PM,Fri,Boise State,25,@,Utah State,24,
15,"Nov 28, 2025",3:30 PM,Fri,Georgia,16,@,Georgia Tech,9,
15,"Nov 28, 2025",7:30 PM,Fri,Indiana,56,@,Purdue,3,
15,"Nov 28, 2025",12:00 PM,Fri,Iowa,40,@,Nebraska,16,
15,"Nov 28, 2025",12:00 PM,Fri,Kent State,35,@,Northern Illinois,31,
15,"Nov 28, 2025",12:00 PM,Fri,Mississippi,38,@,Mississippi State,19,
15,"Nov 28, 2025",3:30 PM,Fri,New Mexico,23,,San Diego State,17,
15,"Nov 28, 2025",3:30 PM,Fri,North Texas,52,,Temple,25,
15,"Nov 28, 2025",12:00 PM,Fri,Ohio,31,@,Buffalo,26,
15,"Nov 28, 2025",7:30 PM,Fri,Texas,27,,Texas A&M,17,
15,"Nov 28, 2025",12:00 PM,Fri,Utah,31,@,Kansas,21,
15,"Nov 29, 2025",7:30 PM,Sat,Alabama,27,@,Auburn,20,
15,"Nov 29, 2025",3:00 PM,Sat,Alabama-Birmingham,31,@,Tulsa,24,
15,"Nov 29, 2025",2:30 PM,Sat,Arkansas State,30,@,Appalachian State,29,
15,"Nov 29, 2025",3:30 PM,Sat,Army,27,@,Texas-San Antonio,24,
15,"Nov 29, 2025",3:00 PM,Sat,Boston College,34,@,Syracuse,12,
15,"Nov 29, 2025",1:00 PM,Sat,Brigham Young,41,,Central Florida,21,
15,"Nov 29, 2025",8:00 PM,Sat,California,38,,Southern Methodist,35,
15,"Nov 29, 2025",12:00 PM,Sat,Clemson,28,@,South Carolina,14,
15,"Nov 29, 2025",1:00 PM,Sat,Delaware,61,,Texas-El Paso,31,
15,"Nov 29, 2025",3:30 PM,Sat,Duke,49,,Wake Forest,32,
15,"Nov 29, 2025",12:00 PM,Sat,East Carolina,42,@,Florida Atlantic,3,
15,"Nov 29, 2025",4:30 PM,Sat,Florida,40,,Florida State,21,
15,"Nov 29, 2025",1:00 PM,Sat,Florida International,56,@,Sam Houston,16,
15,"Nov 29, 2025",10:30 PM,Sat,Fresno State,41,@,San Jose State,14,
15,"Nov 29, 2025",1:30 PM,Sat,Georgia Southern,24,@,Marshall,19,
15,"Nov 29, 2025",11:00 PM,Sat,Hawaii,27,,Wyoming,7,
15,"Nov 29, 2025",12:00 PM,Sat,Houston,31,@,Baylor,24,
15,"Nov 29, 2025",7:30 PM,Sat,Illinois,20,,Northwestern,13,
15,"Nov 29, 2025",12:00 PM,Sat,Iowa State,20,@,Oklahoma State,13,
15,"Nov 29, 2025",2:00 PM,Sat,Jacksonville State,37,,Western Kentucky,34,
15,"Nov 29, 2025",3:45 PM,Sat,James Madison,59,@,Coastal Carolina,10,
15,"Nov 29, 2025",12:00 PM,Sat,Kansas State,24,,Colorado,14,
15,"Nov 29, 2025",3:30 PM,Sat,Kennesaw State,48,@,Liberty,42,
15,"Nov 29, 2025",3:00 PM,Sat,Louisiana,30,,Louisiana-Monroe,27,
15,"Nov 29, 2025",2:00 PM,Sat,Louisiana Tech,42,@,Missouri State,30,
15,"Nov 29, 2025",12:00 PM,Sat,Louisville,41,,Kentucky,0,
15,"Nov 29, 2025",12:00 PM,Sat,Miami (FL),38,@,Pittsburgh,7,
15,"Nov 29, 2025",12:00 PM,Sat,Miami (OH),45,,Ball State,24,
15,"Nov 29, 2025",7:00 PM,Sat,Michigan State,38,,Maryland,28,
15,"Nov 29, 2025",3:00 PM,Sat,Middle Tennessee State,31,@,New Mexico State,24,
15,"Nov 29, 2025",3:30 PM,Sat,Minnesota,17,,Wisconsin,7,
15,"Nov 29, 2025",3:30 PM,Sat,Missouri,31,@,Arkansas,17,
15,"Nov 29, 2025",9:00 PM,Sat,Nevada-Las Vegas,42,@,Nevada,17,
15,"Nov 29, 2025",7:30 PM,Sat,North Carolina State,42,,North Carolina,19,
15,"Nov 29, 2025",10:30 PM,Sat,Notre Dame,49,@,Stanford,20,
15,"Nov 29, 2025",12:00 PM,Sat,Ohio State,27,@,Michigan,9,
15,"Nov 29, 2025",3:30 PM,Sat,Oklahoma,17,,Louisiana State,13,
15,"Nov 29, 2025",2:00 PM,Sat,Old Dominion,27,,Georgia State,10,
15,"Nov 29, 2025",3:30 PM,Sat,Oregon,26,@,Washington,14,
15,"Nov 29, 2025",3:30 PM,Sat,Penn State,40,@,Rutgers,36,
15,"Nov 29, 2025",7:00 PM,Sat,South Florida,52,,Rice,3,
15,"Nov 29, 2025",4:30 PM,Sat,Southern California,29,,UCLA,10,
15,"Nov 29, 2025",3:30 PM,Sat,Texas Christian,45,,Cincinnati,23,
15,"Nov 29, 2025",3:00 PM,Sat,Texas State,49,,South Alabama,26,
15,"Nov 29, 2025",12:00 PM,Sat,Texas Tech,49,@,West Virginia,0,
15,"Nov 29, 2025",12:00 PM,Sat,Toledo,21,@,Central Michigan,3,
15,"Nov 29, 2025",3:30 PM,Sat,Troy,28,@,Southern Mississippi,18,
15,"Nov 29, 2025",7:30 PM,Sat,Tulane,27,,Charlotte,0,
15,"Nov 29, 2025",3:30 PM,Sat,Vanderbilt,45,@,Tennessee,24,
15,"Nov 29, 2025",7:00 PM,Sat,Virginia,27,,Virginia Tech,7,
15,"Nov 29, 2025",6:30 PM,Sat,Washington State,32,,Oregon State,8,
16,"Dec 5, 2025",8:00 PM,Fri,Boise State,38,,Nevada-Las Vegas,21,
16,"Dec 5, 2025",7:00 PM,Fri,James Madison,31,,Troy,14,
16,"Dec 5, 2025",7:00 PM,Fri,Kennesaw State,19,@,Jacksonville State,15,
16,"Dec 5, 2025",8:00 PM,Fri,Tulane,34,,North Texas,21,
16,"Dec 6, 2025",8:00 PM,Sat,Duke,27,N,Virginia,20,
16,"Dec 6, 2025",4:00 PM,Sat,Georgia,28,N,Alabama,7,
16,"Dec 6, 2025",8:00 PM,Sat,Indiana,13,N,Ohio State,10,
16,"Dec 6, 2025",12:00 PM,Sat,Texas Tech,34,N,Brigham Young,7,
16,"Dec 6, 2025",12:00 PM,Sat,Western Michigan,23,N,Miami (OH),13,
17,"Dec 13, 2025",3:00 PM,Sat,Army,,N,Navy,,
18,"Dec 17, 2025",5:00 PM,Wed,South Florida,,N,Old Dominion,,
18,"Dec 18, 2025",9:00 PM,Thu,Missouri State,,N,Arkansas State,,
18,"Dec 19, 2025",8:00 PM,Fri,Alabama,,@,Oklahoma,,
18,"Dec 20, 2025",7:30 PM,Sat,James Madison,,@,Oregon,,
18,"Dec 20, 2025",12:00 PM,Sat,Miami (FL),,@,Texas A&M,,
18,"Dec 20, 2025",3:30 PM,Sat,Tulane,,@,Mississippi,,
19,"Dec 27, 2025",12:00 PM,Sat,Penn State,,N,Clemson,,
